{
  "name": "ADC_Poll",
  "type": "ARM",
  "dependenceList": [],
  "srcDirs": [
    "Core",
    "Drivers"
  ],
  "virtualFolder": {
    "name": "<virtual_root>",
    "files": [],
    "folders": []
  },
  "outDir": "build",
  "deviceName": null,
  "packDir": null,
  "miscInfo": {
    "uid": "639a3855f94ec64765b841622509d804"
  },
  "targets": {
    "Debug": {
      "excludeList": [],
      "toolchain": "AC5",
      "compileConfig": {
        "cpuType": "Cortex-M3",
        "floatingPointHardware": "none",
        "useCustomScatterFile": false,
        "scatterFilePath": "<YOUR_SCATTER_FILE>.sct",
        "storageLayout": {
          "RAM": [
            {
              "tag": "IRAM",
              "id": 1,
              "mem": {
                "startAddr": "0x20000000",
                "size": "0x5000"
              },
              "isChecked": true,
              "noInit": false
            }
          ],
          "ROM": [
            {
              "tag": "IROM",
              "id": 1,
              "mem": {
                "startAddr": "0x08000000",
                "size": "0x10000"
              },
              "isChecked": true,
              "isStartup": true
            }
          ]
        },
        "options": "null"
      },
      "uploader": "OpenOCD",
      "uploadConfig": {
        "bin": "",
        "target": "stm32f4x",
        "interface": "stlink-v2",
        "baseAddr": "0x08000000"
      },
      "uploadConfigMap": {
        "JLink": {
          "bin": "",
          "baseAddr": "",
          "cpuInfo": {
            "vendor": "null",
            "cpuName": "null"
          },
          "proType": 1,
          "speed": 8000,
          "otherCmds": ""
        },
        "OpenOCD": {
          "bin": "",
          "target": "stm32f4x",
          "interface": "stlink-v2",
          "baseAddr": "0x08000000"
        },
        "STLink": {
          "bin": "",
          "proType": "SWD",
          "resetMode": "default",
          "runAfterProgram": true,
          "speed": 4000,
          "address": "0x08000000",
          "elFile": "None",
          "optionBytes": ".eide/debug.st.option.bytes.ini",
          "otherCmds": ""
        }
      },
      "custom_dep": {
        "name": "default",
        "incList": [
          "Core/Inc",
          "Drivers/STM32F4xx_HAL_Driver/Inc",
          "Drivers/STM32F4xx_HAL_Driver/Inc/Legacy",
          "Drivers/CMSIS/Device/ST/STM32F4xx/Include",
          "Drivers/CMSIS/Include",
          "CMSIS_DSP"
        ],
        "libList": [
          "CMSIS_DSP"
        ],
        "defineList": [
          "DEBUG",
          "USE_HAL_DRIVER",
          "STM32F407xx",
          "ARM_MATH_CM4"
        ]
      }
    },
    "Release": {
      "excludeList": [],
      "toolchain": "GCC",
      "compileConfig": {
        "cpuType": "Cortex-M3",
        "floatingPointHardware": "none",
        "scatterFilePath": "",
        "useCustomScatterFile": true,
        "storageLayout": {
          "RAM": [],
          "ROM": []
        },
        "options": "null"
      },
      "uploader": "JLink",
      "uploadConfig": {
        "bin": "",
        "baseAddr": "",
        "cpuInfo": {
          "vendor": "null",
          "cpuName": "null"
        },
        "proType": 1,
        "speed": 8000,
        "otherCmds": ""
      },
      "uploadConfigMap": {},
      "custom_dep": {
        "name": "default",
        "incList": [
          "Core/Inc",
          "Drivers/STM32F4xx_HAL_Driver/Inc",
          "Drivers/STM32F4xx_HAL_Driver/Inc/Legacy",
          "Drivers/CMSIS/Device/ST/STM32F4xx/Include",
          "Drivers/CMSIS/Include"
        ],
        "libList": [],
        "sourceDirList": [],
        "defineList": [
          "USE_HAL_DRIVER",
          "STM32F407xx"
        ]
      }
    }
  },
  "version": "3.4"
}