{
  "name": "AD9959",
  "type": "ARM",
  "dependenceList": [],
  "srcDirs": [
    ".eide/deps",
    "AD9959",
    "Core",
    "Drivers"
  ],
  "virtualFolder": {
    "name": "<virtual_root>",
    "files": [],
    "folders": []
  },
  "outDir": "build",
  "deviceName": null,
  "packDir": null,
  "miscInfo": {
    "uid": "ea564465016a8f12073f0f6c1556dc33"
  },
  "targets": {
    "Debug": {
      "excludeList": [],
      "toolchain": "GCC",
      "compileConfig": {
        "cpuType": "Cortex-M3",
        "floatingPointHardware": "none",
        "scatterFilePath": "",
        "useCustomScatterFile": true,
        "storageLayout": {
          "RAM": [],
          "ROM": []
        },
        "options": "null"
      },
      "uploader": "JLink",
      "uploadConfig": {
        "bin": "",
        "baseAddr": "",
        "cpuInfo": {
          "vendor": "null",
          "cpuName": "null"
        },
        "proType": 1,
        "speed": 8000,
        "otherCmds": ""
      },
      "uploadConfigMap": {},
      "custom_dep": {
        "name": "default",
        "incList": [
          "Core/Inc",
          "Drivers/STM32F4xx_HAL_Driver/Inc",
          "Drivers/STM32F4xx_HAL_Driver/Inc/Legacy",
          "Drivers/CMSIS/Device/ST/STM32F4xx/Include",
          "Drivers/CMSIS/Include",
          "AD9959",
          ".eide/deps"
        ],
        "libList": [],
        "sourceDirList": [],
        "defineList": [
          "DEBUG",
          "USE_HAL_DRIVER",
          "STM32F407xx"
        ]
      }
    },
    "Release": {
      "excludeList": [],
      "toolchain": "GCC",
      "compileConfig": {
        "cpuType": "Cortex-M3",
        "floatingPointHardware": "none",
        "scatterFilePath": "",
        "useCustomScatterFile": true,
        "storageLayout": {
          "RAM": [],
          "ROM": []
        },
        "options": "null"
      },
      "uploader": "JLink",
      "uploadConfig": {
        "bin": "",
        "baseAddr": "",
        "cpuInfo": {
          "vendor": "null",
          "cpuName": "null"
        },
        "proType": 1,
        "speed": 8000,
        "otherCmds": ""
      },
      "uploadConfigMap": {},
      "custom_dep": {
        "name": "default",
        "incList": [
          "Core/Inc",
          "Drivers/STM32F4xx_HAL_Driver/Inc",
          "Drivers/STM32F4xx_HAL_Driver/Inc/Legacy",
          "Drivers/CMSIS/Device/ST/STM32F4xx/Include",
          "Drivers/CMSIS/Include"
        ],
        "defineList": [
          "USE_HAL_DRIVER",
          "STM32F407xx"
        ],
        "sourceDirList": [],
        "libList": []
      }
    }
  },
  "version": "3.3"
}